{
    "toolcache": [
        {
            "name": "Ruby",
            "arch": "x64",
            "platform" : "win32",
            "versions": [
                "2.4",
                "2.5",
                "2.6",
                "2.7",
                "3.0"
            ],
            "default": "2.5"
        },
        {
            "name": "Python",
            "url" : "https://raw.githubusercontent.com/actions/python-versions/main/versions-manifest.json",
            "arch": "x64",
            "platform" : "win32",
            "versions": [
                "2.7.*",
                "3.5.*",
                "3.6.*",
                "3.7.*",
                "3.8.*",
                "3.9.*",
                "3.10.*"
            ],
            "default": "3.7.*"
        },
        {
            "name": "Python",
            "url" : "https://raw.githubusercontent.com/actions/python-versions/main/versions-manifest.json",
            "arch": "x86",
            "platform" : "win32",
            "versions": [
                "2.7.*",
                "3.5.*",
                "3.6.*",
                "3.7.*",
                "3.8.*",
                "3.9.*",
                "3.10.*"
            ]
        },
        {
            "name": "PyPy",
            "arch": "x86",
            "platform" : "win64",
            "versions": [
                "2.7",
                "3.6",
                "3.7",
                "3.8"
            ]
        },
        {
            "name": "node",
            "url" : "https://raw.githubusercontent.com/actions/node-versions/main/versions-manifest.json",
            "arch": "x64",
            "platform" : "win32",
            "versions": [
                "12.*",
                "14.*",
                "16.*"
            ]
        },
        {
            "name": "go",
            "url" : "https://raw.githubusercontent.com/actions/go-versions/main/versions-manifest.json",
            "arch": "x64",
            "platform" : "win32",
            "versions": [
                "1.15.*",
                "1.16.*",
                "1.17.*"
            ],
            "default": "1.15.*"
        }
    ],
    "powershellModules": [
        {"name": "DockerMsftProvider"},
        {"name": "MarkdownPS"},
        {"name": "Pester"},
        {"name": "PowerShellGet"},
        {"name": "PSScriptAnalyzer"},
        {"name": "PSWindowsUpdate"},
        {"name": "SqlServer"},
        {"name": "VSSetup"},
        {"name": "Microsoft.Graph"}
    ],
    "azureModules": [
        {
            "name": "azurerm",
            "blob_url": "https://vstsagenttools.blob.core.windows.net/tools/azurepowershellmodules/",
            "versions": [
                "2.1.0",
                "6.13.1"
            ],
            "zip_versions": [
                "3.8.0",
                "4.2.1",
                "5.1.1",
                "6.7.0"
            ],
            "default": "2.1.0"
        },
        {
            "name": "azure",
            "blob_url": "https://vstsagenttools.blob.core.windows.net/tools/azurepowershellmodules/",
            "versions": [
                "2.1.0",
                "5.3.0"
            ],
            "zip_versions": [
                "3.8.0",
                "4.2.1",
                "5.1.1"
            ],
            "default": "2.1.0"
        },
        {
            "name": "az",
            "url" : "https://raw.githubusercontent.com/Azure/az-ps-module-versions/main/versions-manifest.json",
            "versions": [
                "6.5.0"
            ],
            "zip_versions": [
                "1.0.0",
                "1.6.0",
                "2.3.2",
                "2.6.0",
                "3.1.0",
                "3.5.0",
                "3.8.0",
                "4.3.0",
                "4.4.0",
                "4.7.0",
                "5.5.0",
                "5.9.0"
            ]
        }
    ],
    "java": {
        "default": "8",
        "default_vendor": "Temurin-Hotspot",
        "vendors": [
            {
                "name": "Temurin-Hotspot",
                "versions": [ "8", "11", "17" ]
            },
            {
                "name": "Adopt",
                "versions": [ "8", "11", "13" ]
            }
        ]
    },
    "android": {
        "platform_min_version": "19",
        "build_tools_min_version": "19.1.0",
        "extra_list": [
            "android;m2repository",
            "google;m2repository",
            "google;google_play_services",
            "m2repository;com;android;support;constraint;constraint-layout-solver;1.0.2",
            "m2repository;com;android;support;constraint;constraint-layout-solver;1.0.1",
            "m2repository;com;android;support;constraint;constraint-layout;1.0.2",
            "m2repository;com;android;support;constraint;constraint-layout;1.0.1"
        ],
        "addon_list": [
            "addon-google_apis-google-24",
            "addon-google_apis-google-23",
            "addon-google_apis-google-22",
            "addon-google_apis-google-21"
        ],
        "additional_tools": [
            "cmake;3.10.2.4988404",
            "cmake;3.18.1",
            "patcher;v4"
        ],
        "ndk": {
            "default": "21",
            "versions": [
                "21", "22", "23"
            ]
        }
    },
    "MsysPackages": {
        "msys2": [
            "base-devel",
            "compression"
        ],
        "mingw": [
            {
                "arch": "mingw-w64-x86_64",
                "exec_dir": "mingw64",
                "runtime_packages": [
                    {
                        "name": "clang",
                        "executables": [
                            "clang",
                            "g++",
                            "gcc"
                        ]
                    },
                    {
                        "name": "cmake",
                        "executables": [
                            "cmake",
                            "cpack",
                            "ctest"
                        ]
                    },
                    {
                        "name": "ragel",
                        "executables": [
                            "ragel"
                        ]
                    }
                ],
                "additional_packages": [
                    "clang-tools-extra",
                    "libxml2",
                    "llvm",
                    "toolchain"
                ]
            },
            {
                "arch": "mingw-w64-i686",
                "exec_dir": "mingw32",
                "runtime_packages": [
                    {
                        "name": "clang",
                        "executables": [
                            "clang",
                            "g++",
                            "gcc"
                        ]
                    },
                    {
                        "name": "cmake",
                        "executables": [
                            "cmake",
                            "cpack",
                            "ctest"
                        ]
                    },
                    {
                        "name": "ragel",
                        "executables": [
                            "ragel"
                        ]
                    }
                ],
                "additional_packages": [
                    "libxml2",
                    "llvm",
                    "toolchain"
                ]
            }
        ]
    },
    "windowsFeatures": [
        { "name": "NET-Framework-Features", "includeAllSubFeatures": true },
        { "name": "NET-Framework-45-Features", "includeAllSubFeatures": true },
        { "name": "FS-iSCSITarget-Server", "includeAllSubFeatures": true, "includeManagementTools": true },
        { "name": "Containers" },
        { "name": "Microsoft-Windows-Subsystem-Linux", "optionalFeature": true },
        { "name": "VirtualMachinePlatform", "optionalFeature": true }
    ],
    "visualStudio": {
        "version" : "2019",
        "subversion" : "16",
        "edition" : "Enterprise",
        "channel": "release",
        "workloads": [
            "Component.Dotfuscator",
            "Component.Linux.CMake",
            "Component.UnityEngine.x64",
            "Component.Unreal.Android",
            "Microsoft.Component.Azure.DataLake.Tools",
            "Microsoft.Component.PythonTools.Miniconda",
            "Microsoft.Component.PythonTools.Web",
            "Microsoft.Component.VC.Runtime.UCRTSDK",
            "Microsoft.Net.ComponentGroup.4.6.2.DeveloperTools",
            "Microsoft.Net.ComponentGroup.4.7.1.DeveloperTools",
            "Microsoft.Net.Component.4.7.2.SDK",
            "Microsoft.Net.Component.4.7.2.TargetingPack",
            "Microsoft.Net.ComponentGroup.4.7.DeveloperTools",
            "Microsoft.VisualStudio.Component.AspNet45",
            "Microsoft.VisualStudio.Component.Azure.Kubernetes.Tools",
            "Microsoft.VisualStudio.Component.Azure.ServiceFabric.Tools",
            "Microsoft.VisualStudio.Component.Azure.Storage.AzCopy",
            "Microsoft.VisualStudio.Component.Debugger.JustInTime",
            "Microsoft.VisualStudio.Component.DslTools",
            "Microsoft.VisualStudio.Component.EntityFramework",
            "Microsoft.VisualStudio.Component.FSharp.Desktop",
            "Microsoft.VisualStudio.Component.LinqToSql",
            "Microsoft.VisualStudio.Component.SQL.SSDT",
            "Microsoft.VisualStudio.Component.Sharepoint.Tools",
            "Microsoft.VisualStudio.Component.PortableLibrary",
            "Microsoft.VisualStudio.Component.TeamOffice",
            "Microsoft.VisualStudio.Component.TestTools.CodedUITest",
            "Microsoft.VisualStudio.Component.TestTools.WebLoadTest",
            "Microsoft.VisualStudio.Component.UWP.VC.ARM64",
            "Microsoft.VisualStudio.Component.VC.140",
            "Microsoft.VisualStudio.Component.VC.ATL.ARM",
            "Microsoft.VisualStudio.Component.VC.ATLMFC",
            "Microsoft.VisualStudio.Component.VC.ATLMFC.Spectre",
            "Microsoft.VisualStudio.Component.VC.CLI.Support",
            "Microsoft.VisualStudio.Component.VC.CMake.Project",
            "Microsoft.VisualStudio.Component.VC.DiagnosticTools",
            "Microsoft.VisualStudio.Component.VC.Llvm.ClangToolset",
            "Microsoft.VisualStudio.Component.VC.MFC.ARM",
            "Microsoft.VisualStudio.Component.VC.MFC.ARM.Spectre",
            "Microsoft.VisualStudio.Component.VC.MFC.ARM64",
            "Microsoft.VisualStudio.Component.VC.MFC.ARM64.Spectre",
            "Microsoft.VisualStudio.Component.VC.Redist.MSM",
            "Microsoft.VisualStudio.Component.VC.Runtimes.ARM.Spectre",
            "Microsoft.VisualStudio.Component.VC.Runtimes.ARM64.Spectre",
            "Microsoft.VisualStudio.Component.VC.Runtimes.x86.x64.Spectre",
            "Microsoft.VisualStudio.Component.VC.TestAdapterForBoostTest",
            "Microsoft.VisualStudio.Component.VC.TestAdapterForGoogleTest",
            "Microsoft.VisualStudio.Component.VC.v141.x86.x64",
            "Microsoft.VisualStudio.Component.VC.v141.x86.x64.Spectre",
            "Microsoft.VisualStudio.Component.VC.v141.ARM.Spectre",
            "Microsoft.VisualStudio.Component.VC.v141.ARM64.Spectre",
            "Microsoft.VisualStudio.Component.VC.v141.ATL",
            "Microsoft.VisualStudio.Component.VC.v141.ATL.ARM.Spectre",
            "Microsoft.VisualStudio.Component.VC.v141.ATL.ARM64.Spectre",
            "Microsoft.VisualStudio.Component.VC.v141.ATL.Spectre",
            "Microsoft.VisualStudio.Component.VC.v141.MFC",
            "Microsoft.VisualStudio.Component.VC.v141.MFC.ARM.Spectre",
            "Microsoft.VisualStudio.Component.VC.v141.MFC.ARM64.Spectre",
            "Microsoft.VisualStudio.Component.VC.v141.MFC.Spectre",
            "Microsoft.VisualStudio.Component.VC.14.25.x86.x64",
            "Microsoft.VisualStudio.Component.Windows10SDK.16299",
            "Microsoft.VisualStudio.Component.Windows10SDK.17134",
            "Microsoft.VisualStudio.Component.Windows10SDK.17763",
            "Microsoft.VisualStudio.Component.Windows10SDK.18362",
            "Microsoft.VisualStudio.Component.Windows10SDK.19041",
            "Microsoft.VisualStudio.Component.Windows10SDK.20348",
            "Microsoft.VisualStudio.Component.Windows11SDK.22000",
            "Microsoft.VisualStudio.Component.WinXP",
            "Microsoft.VisualStudio.Component.Workflow",
            "Microsoft.VisualStudio.ComponentGroup.Azure.CloudServices",
            "Microsoft.VisualStudio.ComponentGroup.Azure.ResourceManager.Tools",
            "Microsoft.VisualStudio.ComponentGroup.NativeDesktop.Llvm.Clang",
            "Microsoft.VisualStudio.ComponentGroup.Web.CloudTools",
            "Microsoft.VisualStudio.ComponentGroup.UWP.VC",
            "Microsoft.VisualStudio.ComponentGroup.UWP.VC.v141",
            "Microsoft.VisualStudio.Workload.Azure",
            "Microsoft.VisualStudio.Workload.Data",
            "Microsoft.VisualStudio.Workload.DataScience",
            "Microsoft.VisualStudio.Workload.ManagedDesktop",
            "Microsoft.VisualStudio.Workload.ManagedGame",
            "Microsoft.VisualStudio.Workload.NativeCrossPlat",
            "Microsoft.VisualStudio.Workload.NativeDesktop",
            "Microsoft.VisualStudio.Workload.NativeGame",
            "Microsoft.VisualStudio.Workload.NativeMobile",
            "Microsoft.VisualStudio.Workload.NetCoreTools",
            "Microsoft.VisualStudio.Workload.NetCrossPlat",
            "Microsoft.VisualStudio.Workload.NetWeb",
            "Microsoft.VisualStudio.Workload.Node",
            "Microsoft.VisualStudio.Workload.Office",
            "Microsoft.VisualStudio.Workload.Python",
            "Microsoft.VisualStudio.Workload.Universal",
            "Microsoft.VisualStudio.Workload.VisualStudioExtension",
            "Component.MDD.Linux",
            "Component.MDD.Linux.GCC.arm"
        ],
        "vsix": [
            "ProBITools.MicrosoftAnalysisServicesModelingProjects",
            "SSIS.SqlServerIntegrationServicesProjects",
            "ProBITools.MicrosoftReportProjectsforVisualStudio",
            "VisualStudioClient.MicrosoftVisualStudio2017InstallerProjects",
            "ms-biztalk.BizTalk"
        ]
    },
    "docker": {
        "images": [
            "mcr.microsoft.com/windows/servercore:ltsc2019",
            "mcr.microsoft.com/windows/nanoserver:1809",
            "mcr.microsoft.com/dotnet/framework/aspnet:4.8-windowsservercore-ltsc2019",
            "mcr.microsoft.com/dotnet/framework/runtime:4.8-windowsservercore-ltsc2019",
            "mcr.microsoft.com/dotnet/framework/sdk:4.8-windowsservercore-ltsc2019"
        ]
    },
    "pipx": [
        {
            "package": "yamllint",
            "cmd": "yamllint --version"
        }
    ],
    "selenium": {
        "version": "4",
        "binary_name": "selenium-server"
    },
    "npm": {
        "global_packages": [
            { "name": "yarn", "test": "yarn --version" },
            { "name": "newman", "test": "newman --version" },
            { "name": "lerna", "test": "lerna --version" },
            { "name": "typescript", "test": "tsc --version" },
            { "name": "cordova" },
            { "name": "grunt-cli", "test": "grunt --version" },
            { "name": "gulp-cli", "test": "gulp --version" },
            { "name": "parcel", "test": "parcel --version"},
            { "name": "webpack" },
            { "name": "webpack-cli" },
            { "name": "node-sass" }
        ]
    },
    "dotnet": {
        "versions": [
            "2.1",
            "3.1",
            "5.0"
        ],
        "warmup": true
    },
    "choco": {
        "common_packages": [
            { "name": "7zip.install" },
            { "name": "aria2" },
            { "name": "azcopy10" },
            { "name": "Bicep" },
            { "name": "gitversion.portable" },
            { "name": "innosetup" },
            { "name": "jq" },
            { "name": "NuGet.CommandLine" },
            {
                "name": "openssl.light",
                "args": [ "--version=1.1.1.20181020" ]
            },
            { "name": "packer" },
            { "name": "strawberryperl" },
            { "name": "pulumi" },
            { "name": "tortoisesvn" },
            { "name": "swig" },
            { "name": "vswhere" },
            {
                "name": "julia",
                "args": [ "--ia", "/DIR=C:\\Julia" ]
            },
            {
                "name": "cmake.install",
                "args": [ "--installargs", "ADD_CMAKE_TO_PATH=\"System\"" ]
            }
        ]
    },
    "node": {
        "default": "16"
    },
    "mysql": {
        "version": "5.7"
    },
    "mongodb": {
        "version": "5.0"
    },
    "nsis": {
        "version": "3.08"
    },
    "php": {
        "version": "8.1"
    },
    "llvm": {
        "version": "13"
    },
    "postgresql": {
        "version": "14"
    },
    "kotlin": {
        "version": "latest",
        "binary_name": "kotlin-compiler"
    }
}
