{
    "toolcache": [
        {
            "name": "Python",
            "url" : "https://raw.githubusercontent.com/actions/python-versions/main/versions-manifest.json",
            "platform" : "linux",
            "platform_version": "20.04",
            "arch": "x64",
            "versions": [
                "2.7.*",
                "3.5.*",
                "3.6.*",
                "3.7.*",
                "3.8.*",
                "3.9.*",
                "3.10.*"
            ]
        },
        {
            "name": "PyPy",
            "arch": "x64",
            "platform" : "linux",
            "versions": [
                "2.7",
                "3.6",
                "3.7",
                "3.8"
            ]
        },
        {
            "name": "node",
            "url" : "https://raw.githubusercontent.com/actions/node-versions/main/versions-manifest.json",
            "platform" : "linux",
            "arch": "x64",
            "versions": [
                "12.*",
                "14.*",
                "16.*"
            ]
        },
        {
            "name": "go",
            "url" : "https://raw.githubusercontent.com/actions/go-versions/main/versions-manifest.json",
            "arch": "x64",
            "platform" : "linux",
            "versions": [
                "1.15.*",
                "1.16.*",
                "1.17.*"
            ],
            "default": "1.15.*"
        },
        {
            "name": "Ruby",
            "platform_version": "20.04",
            "arch": "x64",
            "versions": [
                "2.5.*",
                "2.6.*",
                "2.7.*",
                "3.0.*"
            ]
        },
        {
            "name": "CodeQL",
            "platform" : "linux",
            "arch": "x64",
            "versions": [
                "*"
            ]
        }
    ],
    "java": {
        "default": "11",
        "versions": [
            "8", "11"
        ],
        "maven": "3.8.4"
    },
    "android": {
        "platform_min_version": "27",
        "build_tools_min_version": "27.0.0",
        "extra_list": [
            "android;m2repository",
            "google;m2repository",
            "google;google_play_services"
        ],
        "addon_list": [
        ],
        "additional_tools": [
            "cmake;3.10.2.4988404",
            "cmake;3.18.1"
        ],
        "ndk": {
            "default": "21",
            "versions": [
                "21", "22", "23"
            ]
        }
    },
    "powershellModules": [
        {"name": "MarkdownPS"},
        {"name": "Pester"},
        {"name": "PSScriptAnalyzer"}
    ],
    "azureModules": [
        {
            "name": "az",
            "url" : "https://raw.githubusercontent.com/Azure/az-ps-module-versions/main/versions-manifest.json",
            "versions": [
                "6.4.0"
            ],
            "zip_versions": [
                "3.1.0",
                "4.4.0",
                "5.9.0"
            ]
        }
    ],
    "apt": {
        "common_packages": [
            "build-essential",
            "dbus",
            "dnsutils",
            "dpkg",
            "fakeroot",
            "fonts-noto-color-emoji",
            "gnupg2",
            "imagemagick",
            "iproute2",
            "iputils-ping",
            "lib32z1",
            "libc++abi-dev",
            "libc++-dev",
            "libcurl4",
            "libgbm-dev",
            "libgconf-2-4",
            "libgsl-dev",
            "libgtk-3-0",
            "libmagic-dev",
            "libmagickcore-dev",
            "libmagickwand-dev",
            "libsecret-1-dev",
            "libsqlite3-dev",
            "libunwind8",
            "libxkbfile-dev",
            "libxss1",
            "locales",
            "mercurial",
            "openssh-client",
            "p7zip-rar",
            "pkg-config",
            "python-is-python3",
            "rpm",
            "texinfo",
            "tk",
            "tzdata",
            "upx",
            "xorriso",
            "xvfb",
            "xz-utils",
            "zsync"
        ],
        "cmd_packages": [
            "acl",
            "aria2",
            "binutils",
            "bison",
            "brotli",
            "bzip2",
            "coreutils",
            "curl",
            "file",
            "flex",
            "ftp",
            "haveged",
            "jq",
            "m4",
            "mediainfo",
            "netcat",
            "net-tools",
            "p7zip-full",
            "parallel",
            "pass",
            "patchelf",
            "pollinate",
            "rsync",
            "shellcheck",
            "sphinxsearch",
            "sqlite3",
            "ssh",
            "sshpass",
            "subversion",
            "sudo",
            "swig",
            "telnet",
            "time",
            "unzip",
            "wget",
            "zip"
        ]
    },
    "brew": [
        {"name": "zstd"}
    ],
    "docker": {
        "images": [
            "alpine:3.12",
            "alpine:3.13",
            "alpine:3.14",
            "buildpack-deps:stretch",
            "buildpack-deps:buster",
            "buildpack-deps:bullseye",
            "debian:9",
            "debian:10",
            "debian:11",
            "moby/buildkit:latest",
            "node:12",
            "node:14",
            "node:16",
            "node:12-alpine",
            "node:14-alpine",
            "node:16-alpine",
            "ubuntu:16.04",
            "ubuntu:18.04",
            "ubuntu:20.04"
        ]
    },
    "pipx": [
        {
            "package": "yamllint",
            "cmd": "yamllint"
        },
        {
            "package": "ansible-core",
            "cmd": "ansible"
        }
    ],
    "dotnet": {
        "aptPackages": [
            "dotnet-sdk-3.1",
            "dotnet-sdk-5.0"
        ],
        "versions": [
            "2.1",
            "3.1",
            "5.0"
        ]
    },
    "clang": {
        "versions": [
            "10",
            "11",
            "12"
        ],
        "default_version": "11"
    },
    "gcc": {
        "versions": [
            "g++-9",
            "g++-10"
        ]
    },
    "gfortran": {
        "versions": [
            "gfortran-9",
            "gfortran-10"
        ]
    },
    "php": {
        "versions": [
            "7.4",
            "8.0",
            "8.1"
        ]
    },
    "rubygems": [
        {"name": "fastlane"}
    ],
    "selenium": {
        "version": "4",
        "binary_name": "selenium-server"
    },
    "node": {
        "default": "16"
    },
    "node_modules": [
        {
            "name": "grunt",
            "command": "grunt"
        },
        {
            "name": "gulp",
            "command": "gulp"
        },
        {
            "name": "n",
            "command": "n"
        },
        {
            "name": "parcel",
            "command": "parcel"
        },
        {
            "name": "typescript",
            "command": "tsc"
        },
        {
            "name": "newman",
            "command": "newman"
        },
        {
            "name": "vercel",
            "command": "vercel"
        },
        {
            "name": "webpack",
            "command": "webpack"
        },
        {
            "name": "webpack-cli",
            "command": "webpack-cli"
        },
        {
            "name": "netlify-cli",
            "command": "netlify"
        },
        {
            "name": "lerna",
            "command": "lerna"
        },
        {
            "name": "yarn",
            "command": "yarn"
        }
    ],
    "mongodb": {
        "version": "5.0"
    },
    "postgresql": {
        "version": "14"
    }
}
